transaction_id,items
1,Смартфон,Чехол,Защитное_стекло
2,Ноутбук,Чехол_для_ноутбука,Мышь
3,Планшет,Стилус,Клавиатура,Чехол
4,Смартфон,Наушники,Чехол,Защитное_стекло
5,Ноутбук,Мышь,Охлаждающая_подставка
6,Смартфон,Чехол,Портативный_аккумулятор
7,Наушники,Портативный_аккумулятор,Кабель
8,Смартфон,Умные_часы,Наушники
9,Ноутбук,Мышь,Клавиатура,Веб_камера
10,Планшет,Чехол,Стилус,Клавиатура
11,Смартфон,Защитное_стекло,Чехол,Подарочная_карта
12,Ноутбук,Мышь,Наушники,Чистящие_средства
13,Игровая_консоль,Игра,Джойстик
14,Смартфон,Чехол,Защитное_стекло,Наушники
15,Ноутбук,Сумка_для_ноутбука,Мышь
16,Планшет,Чехол,Стилус
17,Смартфон,Портативный_аккумулятор,Кабель
18,Наушники,Чехол_для_наушников,Адаптер
19,Ноутбук,Мышь,Коврик_для_мыши
20,Смартфон,Чехол,Защитное_стекло,Пленка_для_экрана
21,Смартфон,Чехол,Защитное_стекло
22,Ноутбук,Мышь,Наушники
23,Планшет,Стилус,Чехол
24,Смартфон,Наушники,Портативный_аккумулятор
25,Ноутбук,Охлаждающая_подставка,Сумка_для_ноутбука
26,Смартфон,Чехол,Защитное_стекло,Карта_памяти
27,Наушники,Кабель,Адаптер
28,Смартфон,Умные_часы,Чехол
29,Ноутбук,Мышь,Веб_камера,Микрофон
30,Планшет,Чехол,Клавиатура
31,Смартфон,Защитное_стекло,Портативный_аккумулятор
32,Ноутбук,Мышь,Клавиатура,Наушники
33,Игровая_консоль,Игра,Дополнительный_джойстик
34,Смартфон,Чехол,Наушники,Защитное_стекло
35,Ноутбук,Сумка_для_ноутбука,Мышь,Охлаждающая_подставка
36,Планшет,Стилус,Чехол,Пленка_для_экрана
37,Смартфон,Портативный_аккумулятор,Автомобильное_зарядное_устройство
38,Наушники,Чехол_для_наушников,Bluetooth_адаптер
39,Ноутбук,Мышь,Коврик_для_мыши,Подставка_для_ноутбука
40,Смартфон,Чехол,Защитное_стекло,Внешний_микрофон
41,Смартфон,Чехол,Защитное_стекло,Наушники
42,Ноутбук,Мышь,Веб_камера
43,Планшет,Стилус,Чехол,Клавиатура
44,Смартфон,Наушники,Портативный_аккумулятор,Чехол
45,Ноутбук,Охлаждающая_подставка,Чистящие_средства
46,Смартфон,Чехол,Защитное_стекло,Объектив_для_камеры
47,Наушники,Кабель,Разветвитель
48,Смартфон,Умные_часы,Защитное_стекло
49,Ноутбук,Мышь,Веб_камера,Наушники
50,Планшет,Чехол,Стилус,Портативный_аккумулятор
51,Смартфон,Защитное_стекло,Чехол,Карта_памяти
52,Ноутбук,Мышь,Клавиатура,Сумка_для_ноутбука
53,Игровая_консоль,Игра,Наушники_для_игр
54,Смартфон,Чехол,Наушники,Защитное_стекло,Подарочная_карта
55,Ноутбук,Сумка_для_ноутбука,Мышь,Чехол_для_ноутбука
56,Планшет,Стилус,Чехол,Защитное_стекло
57,Смартфон,Портативный_аккумулятор,Кабель,Автодержатель
58,Наушники,Чехол_для_наушников,Кабель_для_зарядки
59,Ноутбук,Мышь,Коврик_для_мыши,Охлаждающая_подставка
60,Смартфон,Чехол,Защитное_стекло,Внешний_аккумулятор
61,Смартфон,Чехол,Защитное_стекло,Наушники
62,Ноутбук,Мышь,Клавиатура
63,Планшет,Стилус,Чехол,Пленка
64,Смартфон,Наушники,Чехол,Защитное_стекло
65,Ноутбук,Охлаждающая_подставка,Мышь
66,Смартфон,Чехол,Защитное_стекло,Карта_памяти
67,Наушники,Кабель,Переходник
68,Смартфон,Умные_часы,Чехол,Защитное_стекло
69,Ноутбук,Мышь,Веб_камера,Микрофон
70,Планшет,Чехол,Стилус,Клавиатура
71,Смартфон,Защитное_стекло,Чехол,Наушники
72,Ноутбук,Мышь,Клавиатура,Охлаждающая_подставка
73,Игровая_консоль,Игра,Джойстик,Наушники
74,Смартфон,Чехол,Наушники,Защитное_стекло,Портативный_аккумулятор
75,Ноутбук,Сумка_для_ноутбука,Мышь,Веб_камера
76,Планшет,Стилус,Чехол,Защитное_стекло
77,Смартфон,Портативный_аккумулятор,Кабель,Чехол
78,Наушники,Чехол_для_наушников,Bluetooth_адаптер
79,Ноутбук,Мышь,Коврик_для_мыши,Чистящие_средства
80,Смартфон,Чехол,Защитное_стекло,Объектив
81,Смартфон,Чехол,Защитное_стекло
82,Ноутбук,Мышь,Наушники,Веб_камера
83,Планшет,Стилус,Чехол,Клавиатура
84,Смартфон,Наушники,Портативный_аккумулятор,Защитное_стекло
85,Ноутбук,Охлаждающая_подставка,Сумка_для_ноутбука,Мышь
86,Смартфон,Чехол,Защитное_стекло,Карта_памяти,Подарочная_карта
87,Наушники,Кабель,Адаптер,Чехол_для_наушников
88,Смартфон,Умные_часы,Чехол,Защитное_стекло
89,Ноутбук,Мышь,Веб_камера,Наушники,Микрофон
90,Планшет,Чехол,Стилус,Портативный_аккумулятор,Кабель
91,Смартфон,Защитное_стекло,Чехол,Наушники,Карта_памяти
92,Ноутбук,Мышь,Клавиатура,Сумка_для_ноутбука,Охлаждающая_подставка
93,Игровая_консоль,Игра,Джойстик,Дополнительная_игра
94,Смартфон,Чехол,Наушники,Защитное_стекло,Портативный_аккумулятор
95,Ноутбук,Сумка_для_ноутбука,Мышь,Чехол_для_ноутбука,Охлаждающая_подставка
96,Планшет,Стилус,Чехол,Защитное_стекло,Клавиатура
97,Смартфон,Портативный_аккумулятор,Кабель,Автодержатель,Чехол
98,Наушники,Чехол_для_наушников,Кабель,Bluetooth_адаптер
99,Ноутбук,Мышь,Коврик_для_мыши,Охлаждающая_подставка,Чистящие_средства
100,Смартфон,Чехол,Защитное_стекло,Наушники,Портативный_аккумулятор